{
  "bestValSharpe": -2.4633352185060007,
  "bestAudSharpe": 0.9239316396827241,
  "bestScore": -0.7697017894116382,
  "expCount": 27
}