{
  "expCount": 186,
  "bestScore": 6.383446048124979,
  "bestParams": {
    "atrMult": 2.7,
    "hardSlAtrMult": 2.4,
    "hardSlMinPct": 10,
    "hardSlMaxPct": 14.98,
    "activateAt": 0.69
  },
  "bestWinRate": 0.5723849372384937,
  "bestAvgPnl": 0.4195738971507442
}