{
  "bestValSharpe": -0.48615029917652025,
  "bestAudSharpe": 11.534142187303914,
  "bestScore": 5.523995944063697,
  "expCount": 49
}