{
  "bestValSharpe": 10.596007080218545,
  "bestAudSharpe": 23.34825030127712,
  "bestScore": 16.97212869074783,
  "expCount": 79
}