{
  "bestValSharpe": 16.295416894487257,
  "bestAudSharpe": 23.465485838571862,
  "bestScore": 19.88045136652956,
  "expCount": 87
}