{
  "bestParams": {
    "bear_w1h": 0.36363636363636365,
    "bear_w5m": 0.3181818181818182,
    "bear_wOC": 0.2272727272727273,
    "bear_w4h": 0.09090909090909088,
    "bull_w1h": 0.25,
    "bull_w5m": 0.4,
    "bull_wOC": 0.2,
    "bull_w4h": 0.15,
    "range_w1h": 0.3793714899351167,
    "range_w5m": 0.35193618148443284,
    "range_wOC": 0.17287732278574058,
    "range_w4h": 0.09581500579470986,
    "minScore": 0.058,
    "onchainVeto": 0.4,
    "whaleVeto": 0.5
  },
  "bestScore": 0.7675,
  "expCount": 2945
}