{
  "bestValSharpe": 36.63737350346718,
  "bestAudSharpe": 19.38727514985162,
  "bestScore": 28.012324326659403,
  "expCount": 104
}